RFM_segment,customer_count,avg_revenue,avg_frequency,avg_recency_days
Champions,704,49026.550170454546,13.816761363636363,11.548295454545455
Loyal,159,21612.744528301886,8.144654088050315,43.283018867924525
Lost,1750,8764.010885714286,2.642857142857143,43.11257142857143
About to Sleep,679,5200.93057437408,1.5876288659793814,127.88512518409425
Hibernating,912,4408.801151315789,1.3004385964912282,273.7280701754386
Potential Loyalist,260,4304.758269230769,3.65,15.715384615384615
Needs Attention,224,4214.9746428571425,3.455357142857143,92.79910714285714
Price Sensitive,31,2006.051935483871,5.032258064516129,40.41935483870968
